STATE,STATENAME
1,Jammu & Kashmir
2,Himachal Pradesh
3,Punjab
5,Uttarakhand
6,Haryana
8,Rajasthan
9,Uttar Pradesh
10,Bihar
18,Assam
19,West Bengal
20,Jharkhand
21,Odisha
22,Chattisgarh
23,Madhya Pradesh
24,Gujarat
27,Maharashtra
28,Andhra Pradesh
29,Karnataka
32,Kerala
33,Tamil Nadu
34,Puducherry
36,Telangana
